Jimmmy, 1234579, emai@email.com, Comp, 5, 12345bcd,
Vinayak, 1234580, Vinayak@email.com, Comp, 5, 12345bcd1,
ABC, 1234581, ABC@email.com, Comp, 5, 12345bcd2,
DEF, 1234582, DEF@email.com, Comp, 5, 12345bcd3,
IJK, 1234583, IJK@email.com, Comp, 5, 12345bcd4,
LMN, 1234584, LMN@email.com, Comp, 5, 12345bcd5,
OPQ, 1234585, OPQ@email.com, Comp, 5, 12345bcd6,
RST, 1234586, RST@email.com, Comp, 5, 12345bcd7,
UVW, 1234587, UVW@email.com, Comp, 5, 12345bcd8,
XYZ, 1234588, XYZ@email.com, Comp, 5, 12345bcd9,
ABC1, 1234589, ABC1@email.com, Comp, 5, 12345bcd11,
DEF1, 1234590, DEF1@email.com, Comp, 5, 12345bcd12,
GHI1, 1234591, GHI1@email.com, Comp, 5, 12345bcd13,
JKL1, 1234592, JKL1@email.com, Comp, 5, 12345bcd14,
MNO1, 1234593, MNO1@email.com, Comp, 5, 12345bcd15,
